[{"model": "auth.permission", "pk": 1, "fields": {"name": "Can add log entry", "content_type": 1, "codename": "add_logentry"}}, {"model": "auth.permission", "pk": 2, "fields": {"name": "Can change log entry", "content_type": 1, "codename": "change_logentry"}}, {"model": "auth.permission", "pk": 3, "fields": {"name": "Can delete log entry", "content_type": 1, "codename": "delete_logentry"}}, {"model": "auth.permission", "pk": 4, "fields": {"name": "Can add permission", "content_type": 2, "codename": "add_permission"}}, {"model": "auth.permission", "pk": 5, "fields": {"name": "Can change permission", "content_type": 2, "codename": "change_permission"}}, {"model": "auth.permission", "pk": 6, "fields": {"name": "Can delete permission", "content_type": 2, "codename": "delete_permission"}}, {"model": "auth.permission", "pk": 7, "fields": {"name": "Can add group", "content_type": 3, "codename": "add_group"}}, {"model": "auth.permission", "pk": 8, "fields": {"name": "Can change group", "content_type": 3, "codename": "change_group"}}, {"model": "auth.permission", "pk": 9, "fields": {"name": "Can delete group", "content_type": 3, "codename": "delete_group"}}, {"model": "auth.permission", "pk": 10, "fields": {"name": "Can add content type", "content_type": 4, "codename": "add_contenttype"}}, {"model": "auth.permission", "pk": 11, "fields": {"name": "Can change content type", "content_type": 4, "codename": "change_contenttype"}}, {"model": "auth.permission", "pk": 12, "fields": {"name": "Can delete content type", "content_type": 4, "codename": "delete_contenttype"}}, {"model": "auth.permission", "pk": 13, "fields": {"name": "Can add session", "content_type": 5, "codename": "add_session"}}, {"model": "auth.permission", "pk": 14, "fields": {"name": "Can change session", "content_type": 5, "codename": "change_session"}}, {"model": "auth.permission", "pk": 15, "fields": {"name": "Can delete session", "content_type": 5, "codename": "delete_session"}}, {"model": "auth.permission", "pk": 16, "fields": {"name": "Can add category", "content_type": 6, "codename": "add_category"}}, {"model": "auth.permission", "pk": 17, "fields": {"name": "Can change category", "content_type": 6, "codename": "change_category"}}, {"model": "auth.permission", "pk": 18, "fields": {"name": "Can delete category", "content_type": 6, "codename": "delete_category"}}, {"model": "auth.permission", "pk": 19, "fields": {"name": "Can add product", "content_type": 7, "codename": "add_product"}}, {"model": "auth.permission", "pk": 20, "fields": {"name": "Can change product", "content_type": 7, "codename": "change_product"}}, {"model": "auth.permission", "pk": 21, "fields": {"name": "Can delete product", "content_type": 7, "codename": "delete_product"}}, {"model": "auth.permission", "pk": 22, "fields": {"name": "Can add user", "content_type": 8, "codename": "add_user"}}, {"model": "auth.permission", "pk": 23, "fields": {"name": "Can change user", "content_type": 8, "codename": "change_user"}}, {"model": "auth.permission", "pk": 24, "fields": {"name": "Can delete user", "content_type": 8, "codename": "delete_user"}}, {"model": "auth.permission", "pk": 25, "fields": {"name": "Can add basket", "content_type": 9, "codename": "add_basket"}}, {"model": "auth.permission", "pk": 26, "fields": {"name": "Can change basket", "content_type": 9, "codename": "change_basket"}}, {"model": "auth.permission", "pk": 27, "fields": {"name": "Can delete basket", "content_type": 9, "codename": "delete_basket"}}, {"model": "auth.permission", "pk": 28, "fields": {"name": "Can add order", "content_type": 9, "codename": "add_order"}}, {"model": "auth.permission", "pk": 29, "fields": {"name": "Can change order", "content_type": 9, "codename": "change_order"}}, {"model": "auth.permission", "pk": 30, "fields": {"name": "Can delete order", "content_type": 9, "codename": "delete_order"}}, {"model": "auth.permission", "pk": 31, "fields": {"name": "Can view log entry", "content_type": 1, "codename": "view_logentry"}}, {"model": "auth.permission", "pk": 32, "fields": {"name": "Can view permission", "content_type": 2, "codename": "view_permission"}}, {"model": "auth.permission", "pk": 33, "fields": {"name": "Can view group", "content_type": 3, "codename": "view_group"}}, {"model": "auth.permission", "pk": 34, "fields": {"name": "Can view content type", "content_type": 4, "codename": "view_contenttype"}}, {"model": "auth.permission", "pk": 35, "fields": {"name": "Can view session", "content_type": 5, "codename": "view_session"}}, {"model": "auth.permission", "pk": 36, "fields": {"name": "Can view category", "content_type": 6, "codename": "view_category"}}, {"model": "auth.permission", "pk": 37, "fields": {"name": "Can view product", "content_type": 7, "codename": "view_product"}}, {"model": "auth.permission", "pk": 38, "fields": {"name": "Can view user", "content_type": 8, "codename": "view_user"}}, {"model": "auth.permission", "pk": 39, "fields": {"name": "Can view order", "content_type": 9, "codename": "view_order"}}, {"model": "auth.permission", "pk": 40, "fields": {"name": "Can add profile", "content_type": 10, "codename": "add_profile"}}, {"model": "auth.permission", "pk": 41, "fields": {"name": "Can change profile", "content_type": 10, "codename": "change_profile"}}, {"model": "auth.permission", "pk": 42, "fields": {"name": "Can delete profile", "content_type": 10, "codename": "delete_profile"}}, {"model": "auth.permission", "pk": 43, "fields": {"name": "Can view profile", "content_type": 10, "codename": "view_profile"}}, {"model": "auth.permission", "pk": 44, "fields": {"name": "Can add position", "content_type": 11, "codename": "add_position"}}, {"model": "auth.permission", "pk": 45, "fields": {"name": "Can change position", "content_type": 11, "codename": "change_position"}}, {"model": "auth.permission", "pk": 46, "fields": {"name": "Can delete position", "content_type": 11, "codename": "delete_position"}}, {"model": "auth.permission", "pk": 47, "fields": {"name": "Can view position", "content_type": 11, "codename": "view_position"}}, {"model": "sessions.session", "pk": "cv7yxkljmj43s4r4egol8ac4f0dklywb", "fields": {"session_data": "NWI0OGFkNjYzOGVlMWY3OWIwZmQyOWNjMmM3NGQ0YjA3MjY3MzhhNDp7Il9hdXRoX3VzZXJfaWQiOiIxIiwiX2F1dGhfdXNlcl9iYWNrZW5kIjoiZGphbmdvLmNvbnRyaWIuYXV0aC5iYWNrZW5kcy5Nb2RlbEJhY2tlbmQiLCJfYXV0aF91c2VyX2hhc2giOiJiYmQwZTY5MDcyZjA1NDU0NmJhOTk2NGRkMjIwMDg2NDMzMzEzZTIwIn0=", "expire_date": "2018-10-10T08:17:05.831Z"}}, {"model": "sessions.session", "pk": "hhb7xqleellznlksaqzbf67jpd5mqa0c", "fields": {"session_data": "YzMzY2QwOTg3MjIyNGYzOTUyZjZkNDQ0Mzk2MDllN2VhZmZhMWQyOTp7Il9hdXRoX3VzZXJfaWQiOiI0IiwiX2F1dGhfdXNlcl9iYWNrZW5kIjoiZGphbmdvLmNvbnRyaWIuYXV0aC5iYWNrZW5kcy5Nb2RlbEJhY2tlbmQiLCJfYXV0aF91c2VyX2hhc2giOiI4OWY5MDQzN2FiNzc4NDYwMWI4MmFlZDdjY2JiMGNlZjZhNzFkMjNmIn0=", "expire_date": "2018-10-04T19:31:55.647Z"}}, {"model": "sessions.session", "pk": "ipzboxlwssbllm2m4m0fd52gzd8pbya1", "fields": {"session_data": "MmUxMGE0MDhjNzI0MzY0OGM4ZGExMDIzOWVmNWNmMGMzM2VlNjJiNTp7Il9hdXRoX3VzZXJfaWQiOiIyIiwiX2F1dGhfdXNlcl9iYWNrZW5kIjoiZGphbmdvLmNvbnRyaWIuYXV0aC5iYWNrZW5kcy5Nb2RlbEJhY2tlbmQiLCJfYXV0aF91c2VyX2hhc2giOiJkZmY3YWYzNzFlMmY0ZDQ0ZjRjOTU1NjJhYzc5YjljZGQxN2EwM2FjIn0=", "expire_date": "2018-09-14T06:24:41.700Z"}}, {"model": "sessions.session", "pk": "pkr11sw8trmep1pwjjsjsgoi325znrfy", "fields": {"session_data": "OWJkNDgyZDNiMjM5MDk0NzllZDFhZDQ3MDg4OThlNjYxZWRhNjlkNjp7Il9hdXRoX3VzZXJfaWQiOiIyIiwiX2F1dGhfdXNlcl9iYWNrZW5kIjoiZGphbmdvLmNvbnRyaWIuYXV0aC5iYWNrZW5kcy5Nb2RlbEJhY2tlbmQiLCJfYXV0aF91c2VyX2hhc2giOiI2ZmYxZTk1YjlhZWIxOTU0ZjUxY2VhYTM0ZDc1MTVkOTYyMWY1NmM3In0=", "expire_date": "2018-09-21T09:07:01.445Z"}}, {"model": "sessions.session", "pk": "wzdkw0bot3gsi4w7afzsnc5hkx7hw4h0", "fields": {"session_data": "NWI0OGFkNjYzOGVlMWY3OWIwZmQyOWNjMmM3NGQ0YjA3MjY3MzhhNDp7Il9hdXRoX3VzZXJfaWQiOiIxIiwiX2F1dGhfdXNlcl9iYWNrZW5kIjoiZGphbmdvLmNvbnRyaWIuYXV0aC5iYWNrZW5kcy5Nb2RlbEJhY2tlbmQiLCJfYXV0aF91c2VyX2hhc2giOiJiYmQwZTY5MDcyZjA1NDU0NmJhOTk2NGRkMjIwMDg2NDMzMzEzZTIwIn0=", "expire_date": "2018-10-04T03:28:59.074Z"}}, {"model": "product.category", "pk": 1, "fields": {"name": "\u041b\u0438\u0441\u0442\u0432\u0435\u043d\u043d\u044b\u0435", "description": "\u0446\u0432\u0435\u0442\u043a\u043e\u0432\u044b\u0435 \u0434\u0435\u0440\u0435\u0432\u044c\u044f \u0438 \u043a\u0443\u0441\u0442\u0430\u0440\u043d\u0438\u043a\u0438, \u043f\u043e\u043a\u0440\u044b\u0442\u044b\u0435 \u043f\u043b\u0430\u0441\u0442\u0438\u043d\u0447\u0430\u0442\u043e\u0439 \u0447\u0435\u0440\u0435\u0448\u043a\u043e\u0432\u043e\u0439 \u043b\u0438\u0441\u0442\u0432\u043e\u0439, \u043b\u0438\u0441\u0442\u044c\u044f \u043a\u043e\u0442\u043e\u0440\u044b\u0445 \u043e\u0431\u044b\u0447\u043d\u043e \u043e\u0442\u043b\u0438\u0447\u0430\u044e\u0442\u0441\u044f \u0440\u0430\u0437\u0432\u0435\u0442\u0432\u043b\u0451\u043d\u043d\u044b\u043c \u0436\u0438\u043b\u043a\u043e\u0432\u0430\u043d\u0438\u0435\u043c \u0438 \u043f\u043e\u0441\u0430\u0436\u0435\u043d\u044b \u043d\u0430 \u0437\u0430\u043c\u0435\u0442\u043d\u043e \u0432\u044b\u0440\u0430\u0436\u0435\u043d\u043d\u044b\u0435 \u0447\u0435\u0440\u0435\u0448\u043a\u0438. \u042d\u0432\u043e\u043b\u044e\u0446\u0438\u043e\u043d\u043d\u043e \u043b\u0438\u0441\u0442\u0432\u0435\u043d\u043d\u044b\u0435 \u0434\u0440\u0435\u0432\u0435\u0441\u043d\u044b\u0435 \u0440\u0430\u0441\u0442\u0435\u043d\u0438\u044f \u043f\u043e\u044f\u0432\u0438\u043b\u0438\u0441\u044c \u0432\u0441\u043b\u0435\u0434 \u0437\u0430 \u0445\u0432\u043e\u0439\u043d\u044b\u043c\u0438, \u0432 \u043e\u0442\u043b\u0438\u0447\u0438\u0435 \u043e\u0442 \u043a\u043e\u0442\u043e\u0440\u044b\u0445 \u0438\u043c\u0435\u044e\u0442 \u0437\u0430\u0432\u044f\u0437\u0438, \u0440\u0430\u0437\u0432\u0438\u0432\u0430\u044e\u0449\u0438\u0435\u0441\u044f \u043f\u043e \u043c\u0435\u0440\u0435 \u0440\u0430\u0437\u0432\u0438\u0442\u0438\u044f \u0432 \u043f\u043b\u043e\u0434\u044b. \u041b\u0438\u0441\u0442\u0432\u0435\u043d\u043d\u044b\u0435 \u043f\u043e\u0440\u043e\u0434\u044b \u043c\u043e\u0433\u0443\u0442 \u0441\u043e\u0441\u0442\u0430\u0432\u043b\u044f\u0442\u044c \u0447\u0438\u0441\u0442\u043e \u043b\u0438\u0441\u0442\u0432\u0435\u043d\u043d\u044b\u0435 \u043b\u0435\u0441\u0430, \u0432 \u043a\u043e\u0442\u043e\u0440\u044b\u0445 \u043e\u043d\u0438 \u044f\u0432\u043b\u044f\u044e\u0442\u0441\u044f \u043b\u0435\u0441\u043e\u043e\u0431\u0440\u0430\u0437\u0443\u044e\u0449\u0438\u043c\u0438, \u0438\u043b\u0438 \u043f\u0440\u043e\u0438\u0437\u0440\u0430\u0441\u0442\u0430\u0442\u044c \u0432 \u0441\u043e\u0441\u0442\u0430\u0432\u0435 \u0441\u043c\u0435\u0448\u0430\u043d\u043d\u044b\u0445 \u043b\u0435\u0441\u043e\u0432."}}, {"model": "product.category", "pk": 2, "fields": {"name": "\u0425\u0432\u043e\u0439\u043d\u044b\u0435", "description": "\u0434\u0435\u0440\u0435\u0432\u044c\u044f \u043b\u0438\u0431\u043e \u043a\u0443\u0441\u0442\u0430\u0440\u043d\u0438\u043a\u0438, \u043e\u0431\u044b\u0447\u043d\u043e \u0432\u0435\u0447\u043d\u043e\u0437\u0435\u043b\u0451\u043d\u044b\u0435 \u0441 \u0446\u0435\u043b\u044c\u043d\u044b\u043c\u0438 \u0438\u0433\u043b\u043e\u0432\u0438\u0434\u043d\u044b\u043c\u0438 \u043b\u0438\u0441\u0442\u044c\u044f\u043c\u0438 (\u0445\u0432\u043e\u0435\u0439); \u0438\u043d\u043e\u0433\u0434\u0430 \u043b\u0438\u0441\u0442\u044c\u044f \u0447\u0435\u0448\u0443\u0435\u0432\u0438\u0434\u043d\u044b\u0435 \u0438\u043b\u0438 \u043f\u043b\u0430\u0441\u0442\u0438\u043d\u0447\u0430\u0442\u044b\u0435. \u041d\u0435\u0431\u043e\u043b\u044c\u0448\u0430\u044f \u043f\u043b\u043e\u0449\u0430\u0434\u044c \u043f\u043e\u0432\u0435\u0440\u0445\u043d\u043e\u0441\u0442\u0438 \u043b\u0438\u0441\u0442\u0430 \u0438 \u0442\u043e\u043b\u0441\u0442\u044b\u0439 \u0432\u043e\u0441\u043a\u043e\u0432\u043e\u0439 \u0441\u043b\u043e\u0439, \u043f\u043e\u043a\u0440\u044b\u0432\u0430\u044e\u0449\u0438\u0439 \u0435\u0433\u043e, \u0441\u043f\u043e\u0441\u043e\u0431\u0441\u0442\u0432\u0443\u044e\u0442 \u0443\u0434\u0435\u0440\u0436\u0430\u043d\u0438\u044e \u0432\u043e\u0434\u044b. \u0423 \u0441\u043e\u0441\u043d\u044b \u0445\u0432\u043e\u044f \u043f\u043e\u043b\u043d\u043e\u0441\u0442\u044c\u044e \u043e\u0431\u043d\u043e\u0432\u043b\u044f\u0435\u0442\u0441\u044f \u0437\u0430 3\u20134 \u0433\u043e\u0434\u0430."}}, {"model": "product.product", "pk": 1, "fields": {"category": 1, "name": "\u0414\u0443\u0431", "image": "images/oak.jpeg", "short_desc": "\u0414\u0443\u0431 \u2013 \u043e\u0434\u043d\u043e \u0438\u0437 \u0441\u0430\u043c\u044b\u0445 \u0434\u043e\u043b\u0433\u043e\u0436\u0438\u0432\u0443\u0449\u0438\u0445 \u0434\u0435\u0440\u0435\u0432\u044c\u0435\u0432 \u0432 \u0420\u043e\u0441\u0441\u0438\u0438. \u0412 \u043f\u0440\u0435\u0434\u0435\u043b\u0430\u0445 \u0441\u0432\u043e\u0435\u0433\u043e \u0430\u0440\u0435\u0430\u043b\u0430 (\u043e\u0431\u043b\u0430\u0441\u0442\u0438 \u0435\u0441\u0442\u0435\u0441\u0442\u0432\u0435\u043d\u043d\u043e\u0433\u043e \u043f\u0440\u043e\u0438\u0437\u0440\u0430\u0441\u0442\u0430\u043d\u0438\u044f) \u043e\u043d \u0441\u043f\u043e\u0441\u043e\u0431\u0435\u043d \u0440\u0430\u0441\u0442\u0438 \u0432 \u0440\u0430\u0437\u043b\u0438\u0447\u043d\u044b\u0445 \u043f\u043e\u0447\u0432\u0435\u043d\u043d\u044b\u0445 \u0443\u0441\u043b\u043e\u0432\u0438\u044f\u0445, \u043d\u043e \u0445\u043e\u0440\u043e\u0448\u043e \u0440\u0430\u0437\u0432\u0438\u0432\u0430\u0435\u0442\u0441\u044f \u043b\u0438\u0448\u044c \u043f\u0440\u0438 \u0434\u043e\u0441\u0442\u0430\u0442\u043e\u0447\u043d\u043e\u043c \u0431\u043e\u0433\u0430\u0442\u0441\u0442\u0432\u0435 \u043f\u043e\u0447\u0432\u044b. \u0412 \u043d\u0435\u043a\u043e\u0442\u043e\u0440\u044b\u0445 \u0443\u0441\u043b\u043e\u0432\u0438\u044f\u0445 \u0432\u043e\u0437\u043c\u043e\u0436\u0435\u043d \u043f\u043e\u0441\u0435\u0432 \u0434\u0443\u0431\u0430 \u0436\u0435\u043b\u0443\u0434\u044f\u043c\u0438 \u043d\u0430 \u043f\u043e\u0441\u0442\u043e\u044f\u043d\u043d\u043e\u0435 \u043c\u0435\u0441\u0442\u043e. \u0412 \u043b\u0435\u0441\u043d\u043e\u043c \u043f\u0438\u0442\u043e\u043c\u043d\u0438\u043a\u0435 \u0432\u044b\u0440\u0430\u0449\u0438\u0432\u0430\u043d\u0438\u0435 \u043a\u0440\u0443\u043f\u043d\u044b\u0445 \u0441\u0430\u0436\u0435\u043d\u0446\u0435\u0432 \u0437\u0430\u043d\u0438\u043c\u0430\u0435\u0442 \u043e\u0434\u0438\u043d-\u0434\u0432\u0430 \u0433\u043e\u0434\u0430, \u0438\u043d\u043e\u0433\u0434\u0430 \u0442\u0440\u0438.<ul class=\"kind\"><li>\u0414\u0443\u0431 \u0447\u0435\u0440\u0435\u0301\u0448\u0447\u0430\u0442\u044b\u0439 (\u043b\u0430\u0442. Qu\u00e9rcus r\u00f3bur) \u2014 \u0442\u0438\u043f\u043e\u0432\u043e\u0439 \u0432\u0438\u0434 \u0440\u043e\u0434\u0430 \u0414\u0443\u0431 (Quercus) \u0441\u0435\u043c\u0435\u0439\u0441\u0442\u0432\u0430 \u0411\u0443\u043a\u043e\u0432\u044b\u0435 (Fagaceae).</li><li>\u041a\u0440\u0443\u043f\u043d\u043e\u0435 \u0434\u0435\u0440\u0435\u0432\u043e, \u0434\u043e\u0441\u0442\u0438\u0433\u0430\u044e\u0449\u0435\u0435 \u0432 \u0432\u044b\u0441\u043e\u0442\u0443 30\u201440 \u043c.</li><li>\u041c\u043e\u0436\u0435\u0442 \u0434\u043e\u0436\u0438\u0442\u044c \u0434\u043e 2000 \u043b\u0435\u0442, \u043d\u043e \u043e\u0431\u044b\u0447\u043d\u043e \u0436\u0438\u0432\u0451\u0442 300\u2014400 \u043b\u0435\u0442.</li><li>\u0412\u0438\u0434 \u0432\u043d\u0435\u0441\u0451\u043d \u0432 \u041a\u0440\u0430\u0441\u043d\u0443\u044e \u043a\u043d\u0438\u0433\u0443 \u041c\u0435\u0436\u0434\u0443\u043d\u0430\u0440\u043e\u0434\u043d\u043e\u0433\u043e \u0441\u043e\u044e\u0437\u0430 \u043e\u0445\u0440\u0430\u043d\u044b \u043f\u0440\u0438\u0440\u043e\u0434\u044b.</li></ul>", "description": "<p>\u041f\u0440\u0438 \u043f\u043e\u0441\u0435\u0432\u0435 \u0436\u0435\u043b\u0443\u0434\u0435\u0439 \u0440\u0430\u0437\u043c\u0435\u0442\u044c\u0442\u0435 \u043d\u0430 \u0433\u0440\u044f\u0434\u043a\u0435 \u043f\u0430\u0440\u0430\u043b\u043b\u0435\u043b\u044c\u043d\u044b\u0435 \u0431\u043e\u0440\u043e\u0437\u0434\u044b \u043d\u0430 \u0440\u0430\u0441\u0441\u0442\u043e\u044f\u043d\u0438\u0438 15-25 \u0441\u043c \u0434\u0440\u0443\u0433 \u043e\u0442 \u0434\u0440\u0443\u0433\u0430. \u0420\u0430\u0437\u043b\u043e\u0436\u0438\u0442\u0435 \u0436\u0435\u043b\u0443\u0434\u0438 \u0432 \u0431\u043e\u0440\u043e\u0437\u0434\u044b \u0438\u0437 \u0440\u0430\u0441\u0447\u0435\u0442\u0430 15-60 \u0448\u0442. \u043d\u0430 1 \u043c \u0434\u043b\u0438\u043d\u044b \u0431\u043e\u0440\u043e\u0437\u0434\u044b, \u0432 \u0437\u0430\u0432\u0438\u0441\u0438\u043c\u043e\u0441\u0442\u0438 \u043e\u0442 \u043a\u0430\u0447\u0435\u0441\u0442\u0432\u0430 \u0438 \u0440\u0430\u0437\u043c\u0435\u0440\u0430 (\u0435\u0441\u043b\u0438 \u0436\u0435\u043b\u0443\u0434\u0438 \u043a\u0440\u0443\u043f\u043d\u044b\u0435 \u0438 \u043f\u0440\u0430\u043a\u0442\u0438\u0447\u0435\u0441\u043a\u0438 \u0432\u0441\u0435 \u0436\u0438\u0432\u044b\u0435, \u0442\u043e \u0438\u0445 \u043d\u0430\u0434\u043e \u0440\u0430\u0441\u043a\u043b\u0430\u0434\u044b\u0432\u0430\u0442\u044c \u0440\u0435\u0436\u0435, \u0435\u0441\u043b\u0438 \u043c\u0435\u043b\u043a\u0438\u0435 \u0438 \u0441 \u0431\u043e\u043b\u044c\u0448\u043e\u0439 \u0434\u043e\u043b\u0435\u0439 \u043c\u0435\u0440\u0442\u0432\u044b\u0445 \u0438 \u0441\u043e\u043c\u043d\u0438\u0442\u0435\u043b\u044c\u043d\u044b\u0445 \u2013 \u0433\u0443\u0449\u0435). \u0415\u0441\u043b\u0438 \u0432\u044b \u043f\u043b\u0430\u043d\u0438\u0440\u0443\u0435\u0442\u0435 \u0432\u044b\u0441\u0430\u0436\u0438\u0432\u0430\u0442\u044c \u043d\u0430 \u043f\u043e\u0441\u0442\u043e\u044f\u043d\u043d\u043e\u0435 \u043c\u0435\u0441\u0442\u043e \u043e\u0434\u043d\u043e\u043b\u0435\u0442\u043d\u0438\u0435 \u0441\u0435\u044f\u043d\u0446\u044b \u0434\u0443\u0431\u0430, \u0442\u043e \u0436\u0438\u0432\u044b\u0435 \u0436\u0435\u043b\u0443\u0434\u0438 \u0441\u043b\u0435\u0434\u0443\u0435\u0442 \u0441\u0435\u044f\u0442\u044c \u0435\u0449\u0435 \u0440\u0435\u0436\u0435 \u2013 \u043d\u0430 \u0440\u0430\u0441\u0441\u0442\u043e\u044f\u043d\u0438\u0438 5-10 \u0441\u043c \u0434\u0440\u0443\u0433 \u043e\u0442 \u0434\u0440\u0443\u0433\u0430 (\u044d\u0442\u043e \u043f\u043e\u0437\u0432\u043e\u043b\u0438\u0442 \u043e\u0431\u0435\u0441\u043f\u0435\u0447\u0438\u0442\u044c \u043c\u0430\u043a\u0441\u0438\u043c\u0430\u043b\u044c\u043d\u044b\u0439 \u043f\u0440\u0438\u0440\u043e\u0441\u0442 \u043a\u0430\u0436\u0434\u043e\u0433\u043e \u0434\u0435\u0440\u0435\u0432\u0446\u0430). \u0412\u0434\u0430\u0432\u0438\u0442\u0435 \u0436\u0435\u043b\u0443\u0434\u0438 \u0432 \u0434\u043d\u043e \u0431\u043e\u0440\u043e\u0437\u0434\u044b \u0442\u0430\u043a\u0438\u043c \u043e\u0431\u0440\u0430\u0437\u043e\u043c, \u0447\u0442\u043e\u0431\u044b \u043e\u043d\u0438 \u043e\u043a\u0430\u0437\u0430\u043b\u0438\u0441\u044c \u043d\u0430 \u0433\u043b\u0443\u0431\u0438\u043d\u0435 2-3 \u0441\u043c \u043e\u0442\u043d\u043e\u0441\u0438\u0442\u0435\u043b\u044c\u043d\u043e \u043f\u043e\u0432\u0435\u0440\u0445\u043d\u043e\u0441\u0442\u0438 \u043f\u043e\u0447\u0432\u044b \u043f\u0440\u0438 \u0432\u0435\u0441\u0435\u043d\u043d\u0435\u0439 \u043f\u043e\u0441\u0430\u0434\u043a\u0435 \u0438 3-6 \u0441\u043c \u2013 \u043f\u0440\u0438 \u043e\u0441\u0435\u043d\u043d\u0435\u0439. \u041f\u043e\u0441\u043b\u0435 \u044d\u0442\u043e\u0433\u043e \u0437\u0430\u0440\u043e\u0432\u043d\u044f\u0439\u0442\u0435 \u0431\u043e\u0440\u043e\u0437\u0434\u0443, \u0443\u043a\u0440\u044b\u0432 \u0436\u0435\u043b\u0443\u0434\u0438 \u0437\u0435\u043c\u043b\u0435\u0439.</p><p>\u0416\u0435\u043b\u0443\u0434\u0438 \u043f\u0440\u043e\u0440\u0430\u0441\u0442\u0430\u044e\u0442 \u043e\u0447\u0435\u043d\u044c \u0434\u043e\u043b\u0433\u043e. \u0421\u043d\u0430\u0447\u0430\u043b\u0430 \u0443 \u043d\u0438\u0445 \u0440\u0430\u0437\u0432\u0438\u0432\u0430\u0435\u0442\u0441\u044f \u043c\u043e\u0449\u043d\u044b\u0439 \u043a\u043e\u0440\u0435\u043d\u044c, \u0434\u043e\u0441\u0442\u0438\u0433\u0430\u044e\u0449\u0438\u0439 \u0432 \u0434\u043b\u0438\u043d\u0443 \u043d\u0435\u0441\u043a\u043e\u043b\u044c\u043a\u0438\u0445 \u0434\u0435\u0441\u044f\u0442\u043a\u043e\u0432 \u0441\u0430\u043d\u0442\u0438\u043c\u0435\u0442\u0440\u043e\u0432, \u0438 \u043b\u0438\u0448\u044c \u043f\u043e\u0441\u043b\u0435 \u044d\u0442\u043e\u0433\u043e \u043d\u0430\u0447\u0438\u043d\u0430\u0435\u0442 \u0440\u0430\u0441\u0442\u0438 \u0441\u0442\u0435\u0431\u0435\u043b\u044c. \u041f\u043e\u044d\u0442\u043e\u043c\u0443 \u0440\u043e\u0441\u0442\u043a\u0438 \u0434\u0443\u0431\u0430 \u043c\u043e\u0433\u0443\u0442 \u043f\u043e\u044f\u0432\u0438\u0442\u044c\u0441\u044f \u043d\u0430 \u043f\u043e\u0432\u0435\u0440\u0445\u043d\u043e\u0441\u0442\u0438 \u043f\u043e\u0447\u0432\u044b \u0442\u043e\u043b\u044c\u043a\u043e \u0447\u0435\u0440\u0435\u0437 \u043c\u0435\u0441\u044f\u0446-\u043f\u043e\u043b\u0442\u043e\u0440\u0430 \u043f\u043e\u0441\u043b\u0435 \u043d\u0430\u0447\u0430\u043b\u0430 \u043f\u0440\u043e\u0440\u0430\u0441\u0442\u0430\u043d\u0438\u044f \u2013 \u0434\u0430\u0436\u0435 \u0435\u0441\u043b\u0438 \u043f\u043e\u0441\u0435\u0432 \u043f\u0440\u043e\u0438\u0437\u0432\u043e\u0434\u0438\u0442\u0441\u044f \u0432\u0435\u0441\u043d\u043e\u0439 \u043d\u0430\u0447\u0430\u0432\u0448\u0438\u043c\u0438 \u043f\u0440\u043e\u0440\u0430\u0441\u0442\u0430\u0442\u044c \u0436\u0435\u043b\u0443\u0434\u044f\u043c\u0438. \u041d\u0435 \u0441\u043f\u0435\u0448\u0438\u0442\u0435 \u0434\u0435\u043b\u0430\u0442\u044c \u0432\u044b\u0432\u043e\u0434, \u0447\u0442\u043e \u0432\u0430\u0448\u0438 \u0434\u0443\u0431\u043a\u0438 \u043f\u043e\u0433\u0438\u0431\u043b\u0438, \u0438 \u043f\u0435\u0440\u0435\u043a\u0430\u043f\u044b\u0432\u0430\u0442\u044c \u0433\u0440\u044f\u0434\u043a\u0443 \u0441 \u043f\u043e\u0441\u0435\u0432\u0430\u043c\u0438 (\u043a\u0430\u043a \u043f\u043e\u043a\u0430\u0437\u044b\u0432\u0430\u0435\u0442 \u043e\u043f\u044b\u0442 \u043d\u0430\u0447\u0438\u043d\u0430\u044e\u0449\u0438\u0445 \u043b\u0435\u0441\u043e\u0432\u043e\u0434\u043e\u0432-\u043b\u044e\u0431\u0438\u0442\u0435\u043b\u0435\u0439, \u0442\u0430\u043a\u043e\u0435 \u0441\u043b\u0443\u0447\u0430\u0435\u0442\u0441\u044f). \u0415\u0441\u043b\u0438 \u0436\u0435 \u0443 \u0432\u0430\u0441 \u0435\u0441\u0442\u044c \u0441\u043e\u043c\u043d\u0435\u043d\u0438\u044f, \u043f\u043e\u043f\u0440\u043e\u0431\u0443\u0439\u0442\u0435 \u0440\u0430\u0441\u043a\u043e\u043f\u0430\u0442\u044c \u043d\u0435\u0441\u043a\u043e\u043b\u044c\u043a\u043e \u0436\u0435\u043b\u0443\u0434\u0435\u0439. \u0415\u0441\u043b\u0438 \u043a\u043e\u0440\u043d\u0438 \u0443 \u043d\u0438\u0445 \u0432\u044b\u0440\u043e\u0441\u043b\u0438, \u0437\u043d\u0430\u0447\u0438\u0442, \u0436\u0435\u043b\u0443\u0434\u0438 \u0436\u0438\u0432\u044b.</p><p>\u041f\u0435\u0440\u0435\u0441\u0430\u0434\u043a\u0443 \u0441\u0435\u044f\u043d\u0446\u0435\u0432 \u0432 \u00ab\u0448\u043a\u043e\u043b\u043a\u0443\u00bb \u0441\u043b\u0435\u0434\u0443\u0435\u0442 \u043f\u0440\u043e\u0438\u0437\u0432\u043e\u0434\u0438\u0442\u044c \u0432\u0435\u0441\u043d\u043e\u0439, \u0436\u0435\u043b\u0430\u0442\u0435\u043b\u044c\u043d\u043e \u043a\u0430\u043a \u043c\u043e\u0436\u043d\u043e \u0440\u0430\u043d\u044c\u0448\u0435, \u0447\u0442\u043e\u0431\u044b \u043f\u043e\u0432\u0440\u0435\u0436\u0434\u0435\u043d\u043d\u0430\u044f \u043f\u0440\u0438 \u043f\u0435\u0440\u0435\u0441\u0430\u0434\u043a\u0435 \u043a\u043e\u0440\u043d\u0435\u0432\u0430\u044f \u0441\u0438\u0441\u0442\u0435\u043c\u0430 \u0443\u0441\u043f\u0435\u043b\u0430 \u0447\u0430\u0441\u0442\u0438\u0447\u043d\u043e \u0432\u043e\u0441\u0441\u0442\u0430\u043d\u043e\u0432\u0438\u0442\u044c\u0441\u044f \u0435\u0449\u0435 \u0434\u043e \u0440\u0430\u0441\u043f\u0443\u0441\u043a\u0430\u043d\u0438\u044f \u043b\u0438\u0441\u0442\u044c\u0435\u0432 (\u0432\u0430\u0436\u043d\u043e \u0442\u0430\u043a\u0436\u0435, \u0447\u0442\u043e\u0431\u044b \u043f\u043e\u0447\u0432\u0430 \u0432\u043e \u0432\u0440\u0435\u043c\u044f \u043f\u0435\u0440\u0435\u0441\u0430\u0434\u043a\u0438 \u0431\u044b\u043b\u0430 \u0435\u0449\u0435 \u0432\u043b\u0430\u0436\u043d\u043e\u0439). \u041f\u0440\u0438 \u043f\u0435\u0440\u0435\u0441\u0430\u0434\u043a\u0435 \u043e\u0431\u0440\u0435\u0436\u044c\u0442\u0435 \u0433\u043b\u0430\u0432\u043d\u044b\u0439 \u043a\u043e\u0440\u0435\u043d\u044c \u043a\u0430\u0436\u0434\u043e\u0433\u043e \u0441\u0435\u044f\u043d\u0446\u0430 \u043d\u0430 \u0440\u0430\u0441\u0441\u0442\u043e\u044f\u043d\u0438\u0438 12-20 \u0441\u043c \u043e\u0442 \u0442\u043e\u0433\u043e \u043c\u0435\u0441\u0442\u0430, \u0433\u0434\u0435 \u0440\u0430\u0441\u043f\u043e\u043b\u0430\u0433\u0430\u043b\u0441\u044f \u0436\u0435\u043b\u0443\u0434\u044c (\u0443 \u0431\u043e\u043b\u044c\u0448\u0438\u043d\u0441\u0442\u0432\u0430 \u0441\u0435\u044f\u043d\u0446\u0435\u0432 \u043e\u0441\u0442\u0430\u0442\u043a\u0438 \u0436\u0435\u043b\u0443\u0434\u044f \u043d\u0430 \u0432\u0442\u043e\u0440\u043e\u0439 \u0433\u043e\u0434 \u0432\u0441\u0435 \u0435\u0449\u0435 \u0432\u0438\u0434\u043d\u044b). \u042d\u0442\u043e \u043f\u043e\u0437\u0432\u043e\u043b\u0438\u0442 \u0441\u0444\u043e\u0440\u043c\u0438\u0440\u043e\u0432\u0430\u0442\u044c \u0431\u043e\u043b\u0435\u0435 \u043a\u043e\u043c\u043f\u0430\u043a\u0442\u043d\u0443\u044e \u043a\u043e\u0440\u043d\u0435\u0432\u0443\u044e \u0441\u0438\u0441\u0442\u0435\u043c\u0443 (\u0447\u0435\u043c \u043a\u043e\u0440\u043e\u0447\u0435 \u043e\u0441\u0442\u0430\u0442\u043e\u043a \u0433\u043b\u0430\u0432\u043d\u043e\u0433\u043e \u043a\u043e\u0440\u043d\u044f \u2013 \u0442\u0435\u043c \u043a\u043e\u043c\u043f\u0430\u043a\u0442\u043d\u0435\u0435 \u0431\u0443\u0434\u0435\u0442 \u043a\u043e\u0440\u043d\u0435\u0432\u0430\u044f \u0441\u0438\u0441\u0442\u0435\u043c\u0430, \u043d\u043e \u0442\u0435\u043c \u0431\u043e\u043b\u044c\u0448\u0435 \u0431\u0443\u0434\u0435\u0442 \u0437\u0430\u0434\u0435\u0440\u0436\u043a\u0430 \u0441\u0435\u044f\u043d\u0446\u0435\u0432 \u0432 \u0440\u043e\u0441\u0442\u0435 \u0438 \u043d\u0438\u0436\u0435 \u043f\u0440\u043e\u0446\u0435\u043d\u0442 \u043f\u0440\u0438\u0436\u0438\u0432\u0430\u0435\u043c\u043e\u0441\u0442\u0438). \u041c\u043e\u0436\u043d\u043e \u0433\u043b\u0430\u0432\u043d\u044b\u0439 \u043a\u043e\u0440\u0435\u043d\u044c \u043d\u0435 \u043e\u0431\u0440\u0435\u0437\u0430\u0442\u044c, \u043d\u043e \u0432 \u044d\u0442\u043e\u043c \u0441\u043b\u0443\u0447\u0430\u0435 \u0431\u0443\u0434\u0435\u0442 \u043e\u0447\u0435\u043d\u044c \u0442\u0440\u0443\u0434\u043d\u043e \u0432\u044b\u043a\u043e\u043f\u0430\u0442\u044c \u0443\u0436\u0435 \u0434\u0432\u0443\u0445\u043b\u0435\u0442\u043d\u0438\u0435 \u0441\u0430\u0436\u0435\u043d\u0446\u044b \u0431\u0435\u0437 \u0441\u0435\u0440\u044c\u0435\u0437\u043d\u043e\u0433\u043e \u043f\u043e\u0432\u0440\u0435\u0436\u0434\u0435\u043d\u0438\u044f \u0438\u0445 \u043a\u043e\u0440\u043d\u0435\u0432\u043e\u0439 \u0441\u0438\u0441\u0442\u0435\u043c\u044b.</p><p>\u0412 \u00ab\u0448\u043a\u043e\u043b\u043a\u0435\u00bb \u0440\u0430\u0441\u043f\u043e\u043b\u0430\u0433\u0430\u0439\u0442\u0435 \u0440\u044f\u0434\u044b \u0441\u0435\u044f\u043d\u0446\u0435\u0432 \u043d\u0430 \u0440\u0430\u0441\u0441\u0442\u043e\u044f\u043d\u0438\u0438 25-30 \u0441\u043c \u0434\u0440\u0443\u0433 \u043e\u0442 \u0434\u0440\u0443\u0433\u0430, \u0430 \u0441\u0435\u044f\u043d\u0446\u044b \u0432 \u0440\u044f\u0434\u0443 \u2013 \u0447\u0435\u0440\u0435\u0437 12-15 \u0441\u043c. \u041f\u0440\u0438 \u043f\u043e\u0441\u0430\u0434\u043a\u0435 \u043f\u043e\u0434 \u043a\u0430\u0436\u0434\u044b\u0439 \u0441\u0435\u044f\u043d\u0435\u0446 \u0441\u0434\u0435\u043b\u0430\u0439\u0442\u0435 \u043a\u043e\u043b\u043e\u043c \u0438\u043b\u0438 \u0447\u0435\u0440\u0435\u043d\u043a\u043e\u043c \u043b\u043e\u043f\u0430\u0442\u044b \u044f\u043c\u043a\u0438 \u0433\u043b\u0443\u0431\u0438\u043d\u043e\u0439 20-25 \u0441\u043c (\u0433\u043b\u0443\u0431\u0438\u043d\u0430 \u044f\u043c\u043a\u0438 \u0434\u043e\u043b\u0436\u043d\u0430 \u0431\u044b\u0442\u044c \u0442\u0430\u043a\u043e\u0439, \u0447\u0442\u043e\u0431\u044b \u043f\u0440\u0438 \u043f\u043e\u0441\u0430\u0434\u043a\u0435 \u0441\u0435\u044f\u043d\u0446\u0430 \u043c\u0435\u0441\u0442\u043e \u043f\u0440\u0438\u043a\u0440\u0435\u043f\u043b\u0435\u043d\u0438\u044f \u0436\u0435\u043b\u0443\u0434\u044f \u043e\u043a\u0430\u0437\u044b\u0432\u0430\u043b\u043e\u0441\u044c \u043d\u0430 1-3 \u0441\u043c \u043d\u0438\u0436\u0435 \u043f\u043e\u0432\u0435\u0440\u0445\u043d\u043e\u0441\u0442\u0438 \u043f\u043e\u0447\u0432\u044b). \u0412\u0441\u0442\u0430\u0432\u044c\u0442\u0435 \u0441\u0435\u044f\u043d\u0446\u044b \u0432 \u044f\u043c\u043a\u0438 (\u0433\u043b\u0430\u0432\u043d\u044b\u0439 \u043a\u043e\u0440\u0435\u043d\u044c \u0441\u0435\u044f\u043d\u0446\u0435\u0432 \u0434\u0443\u0431\u0430, \u0432 \u043e\u0442\u043b\u0438\u0447\u0438\u0435 \u043e\u0442 \u043a\u043e\u0440\u043d\u044f \u0445\u0432\u043e\u0439\u043d\u044b\u0445, \u0442\u0432\u0435\u0440\u0434\u044b\u0439 \u0438 \u043f\u0440\u044f\u043c\u043e\u0439 \u0438 \u0432\u0441\u0442\u0430\u0432\u043b\u044f\u0435\u0442\u0441\u044f \u0432 \u044f\u043c\u043a\u0438 \u0431\u0435\u0437 \u043f\u0440\u043e\u0431\u043b\u0435\u043c). \u0417\u0430\u0442\u0435\u043c \u0437\u0430\u0441\u044b\u043f\u044c\u0442\u0435 \u044f\u043c\u043a\u0438 \u0437\u0435\u043c\u043b\u0435\u0439 \u0438 \u0443\u043f\u043b\u043e\u0442\u043d\u0438\u0442\u0435 \u0435\u0435 \u0440\u0443\u043a\u0430\u043c\u0438, \u0447\u0442\u043e\u0431\u044b \u0437\u0435\u043c\u043b\u044f \u043f\u043b\u043e\u0442\u043d\u0435\u0435 \u043f\u0440\u0438\u043b\u0435\u0433\u0430\u043b\u0430 \u043a \u043a\u043e\u0440\u043d\u044f\u043c \u0441\u0435\u044f\u043d\u0446\u0435\u0432.</p><p>\u041f\u0435\u0440\u0435\u0441\u0430\u0436\u0435\u043d\u043d\u044b\u0435 \u0441\u0435\u044f\u043d\u0446\u044b \u0432 \u043f\u0435\u0440\u0432\u044b\u0435 \u043d\u0435\u0434\u0435\u043b\u0438 \u043f\u043e\u0441\u043b\u0435 \u043f\u0435\u0440\u0435\u0441\u0430\u0434\u043a\u0438 \u0441\u0438\u043b\u044c\u043d\u043e \u0441\u0442\u0440\u0430\u0434\u0430\u044e\u0442 \u043e\u0442 \u043f\u043e\u0432\u0440\u0435\u0436\u0434\u0435\u043d\u0438\u044f \u043a\u043e\u0440\u043d\u0435\u0439 \u2013 \u0440\u0430\u0441\u043f\u0443\u0441\u043a\u0430\u043d\u0438\u0435 \u043b\u0438\u0441\u0442\u044c\u0435\u0432 \u043f\u0440\u043e\u0438\u0441\u0445\u043e\u0434\u0438\u0442 \u0434\u043e\u0432\u043e\u043b\u044c\u043d\u043e \u043c\u0435\u0434\u043b\u0435\u043d\u043d\u043e, \u0438 \u043f\u0440\u0438\u0440\u043e\u0441\u0442 \u043f\u043e\u0431\u0435\u0433\u043e\u0432 \u043e\u0442\u043d\u043e\u0441\u0438\u0442\u0435\u043b\u044c\u043d\u043e \u043d\u0435\u0432\u0435\u043b\u0438\u043a. \u0422\u0435\u043c \u043d\u0435 \u043c\u0435\u043d\u0435\u0435, \u0443\u0436\u0435 \u043a \u0441\u0435\u0440\u0435\u0434\u0438\u043d\u0435 \u043b\u0435\u0442\u0430 \u043d\u043e\u0440\u043c\u0430\u043b\u044c\u043d\u043e\u0435 \u0440\u0430\u0437\u0432\u0438\u0442\u0438\u0435 \u0441\u0435\u044f\u043d\u0446\u0435\u0432 \u0432\u043e\u0441\u0441\u0442\u0430\u043d\u0430\u0432\u043b\u0438\u0432\u0430\u0435\u0442\u0441\u044f, \u0438 \u043a \u043e\u0441\u0435\u043d\u0438, \u043a\u0430\u043a \u043f\u0440\u0430\u0432\u0438\u043b\u043e, \u043f\u043e\u043b\u0443\u0447\u0430\u044e\u0442\u0441\u044f \u043a\u0440\u0443\u043f\u043d\u044b\u0435 \u0438 \u0432\u043f\u043e\u043b\u043d\u0435 \u043f\u0440\u0438\u0433\u043e\u0434\u043d\u044b\u0435 \u0434\u043b\u044f \u043f\u043e\u0441\u0430\u0434\u043a\u0438 \u043d\u0430 \u043f\u043e\u0441\u0442\u043e\u044f\u043d\u043d\u043e\u0435 \u043c\u0435\u0441\u0442\u043e \u0441\u0430\u0436\u0435\u043d\u0446\u044b (\u0432\u044b\u0441\u043e\u0442\u043e\u0439 30-50 \u0441\u043c). \u0415\u0441\u043b\u0438 \u0436\u0435 \u0440\u0430\u0437\u043c\u0435\u0440 \u0441\u0430\u0436\u0435\u043d\u0446\u0435\u0432 \u043a \u043e\u0441\u0435\u043d\u0438 \u043e\u0441\u0442\u0430\u0432\u043b\u044f\u0435\u0442 \u0436\u0435\u043b\u0430\u0442\u044c \u043b\u0443\u0447\u0448\u0435\u0433\u043e, \u0442\u043e \u0434\u043b\u044f \u043f\u0435\u0440\u0435\u0441\u0430\u0434\u043a\u0438 \u043c\u043e\u0436\u043d\u043e \u043e\u0442\u043e\u0431\u0440\u0430\u0442\u044c \u043b\u0438\u0448\u044c \u043d\u0430\u0438\u0431\u043e\u043b\u0435\u0435 \u043a\u0440\u0443\u043f\u043d\u044b\u0435, \u0430 \u043e\u0441\u0442\u0430\u043b\u044c\u043d\u044b\u0435 \u043e\u0441\u0442\u0430\u0432\u0438\u0442\u044c \u0432 \u00ab\u0448\u043a\u043e\u043b\u043a\u0435\u00bb \u0435\u0449\u0435 \u043d\u0430 \u043e\u0434\u0438\u043d \u0433\u043e\u0434.</p><p>\u0415\u0441\u043b\u0438 \u0432\u044b \u043f\u0435\u0440\u0435\u0441\u0430\u0436\u0438\u0432\u0430\u0435\u0442\u0435 \u043d\u0430 \u043f\u043e\u0441\u0442\u043e\u044f\u043d\u043d\u043e\u0435 \u043c\u0435\u0441\u0442\u043e \u043e\u0434\u043d\u043e\u043b\u0435\u0442\u043d\u0438\u0435 \u0441\u0435\u044f\u043d\u0446\u044b \u0434\u0443\u0431\u0430 (\u0442\u0430\u043a\u043e\u0435 \u0432\u043f\u043e\u043b\u043d\u0435 \u0432\u043e\u0437\u043c\u043e\u0436\u043d\u043e, \u0435\u0441\u043b\u0438 \u043f\u043e\u0441\u0430\u0434\u043a\u0430 \u043f\u0440\u043e\u0438\u0437\u0432\u043e\u0434\u0438\u0442\u0441\u044f \u043d\u0430 \u0443\u0447\u0430\u0441\u0442\u043a\u0438 \u0441 \u043d\u0435\u0432\u044b\u0441\u043e\u043a\u0438\u043c \u0442\u0440\u0430\u0432\u044f\u043d\u044b\u043c \u043f\u043e\u043a\u0440\u043e\u0432\u043e\u043c \u0438\u043b\u0438 \u043f\u043e \u0432\u0441\u043f\u0430\u0445\u0430\u043d\u043d\u043e\u0439 \u043f\u043e\u0447\u0432\u0435), \u0442\u043e \u043d\u0435 \u043f\u043e\u0434\u0440\u0435\u0437\u0430\u0439\u0442\u0435 \u0433\u043b\u0430\u0432\u043d\u044b\u0435 \u043a\u043e\u0440\u043d\u0438 \u0441\u0435\u044f\u043d\u0446\u0435\u0432 \u2013 \u043f\u043e\u0441\u0442\u0430\u0440\u0430\u0439\u0442\u0435\u0441\u044c \u0441\u043e\u0445\u0440\u0430\u043d\u0438\u0442\u044c \u043a\u0430\u043a \u043c\u043e\u0436\u043d\u043e \u0431\u043e\u043b\u044c\u0448\u0443\u044e \u0447\u0430\u0441\u0442\u044c \u0438\u0445 \u0434\u043b\u0438\u043d\u044b. \u041a\u043e\u0440\u043d\u0435\u0432\u0430\u044f \u0441\u0438\u0441\u0442\u0435\u043c\u0430 \u043e\u0434\u043d\u043e\u043b\u0435\u0442\u043d\u0435\u0433\u043e \u0441\u0435\u044f\u043d\u0446\u0430 \u0434\u0443\u0431\u0430 \u043f\u0440\u0435\u0434\u0441\u0442\u0430\u0432\u043b\u0435\u043d\u0430 \u0432 \u043e\u0441\u043d\u043e\u0432\u043d\u043e\u043c \u0434\u043b\u0438\u043d\u043d\u044b\u043c \u0438 \u043f\u0440\u044f\u043c\u044b\u043c \u0441\u0442\u0435\u0440\u0436\u043d\u0435\u0432\u044b\u043c \u043a\u043e\u0440\u043d\u0435\u043c \u0441\u043e \u0441\u043b\u0430\u0431\u044b\u043c\u0438 \u0438 \u043a\u043e\u0440\u043e\u0442\u043a\u0438\u043c\u0438 \u0431\u043e\u043a\u043e\u0432\u044b\u043c\u0438 \u043a\u043e\u0440\u043d\u044f\u043c\u0438, \u043f\u043e\u044d\u0442\u043e\u043c\u0443 \u0434\u043b\u044f \u043f\u0435\u0440\u0435\u0441\u0430\u0434\u043a\u0438 \u0434\u043e\u0441\u0442\u0430\u0442\u043e\u0447\u043d\u043e \u043f\u0440\u043e\u0434\u0435\u043b\u0430\u0442\u044c \u0441\u043e\u043e\u0442\u0432\u0435\u0442\u0441\u0442\u0432\u0443\u044e\u0449\u0435\u0439 \u0433\u043b\u0443\u0431\u0438\u043d\u044b \u0443\u0437\u043a\u0443\u044e \u044f\u043c\u043a\u0443 \u0441 \u043f\u043e\u043c\u043e\u0449\u044c\u044e \u043a\u043e\u043b\u0430 \u0438\u043b\u0438 \u0447\u0435\u0440\u0435\u043d\u043a\u0430 \u043b\u043e\u043f\u0430\u0442\u044b.</p>", "price": "40", "quantity": 84}}, {"model": "product.product", "pk": 2, "fields": {"category": 1, "name": "\u041b\u0438\u043f\u0430", "image": "images/maple.jpeg", "short_desc": "", "description": "", "price": "30", "quantity": 17}}, {"model": "product.product", "pk": 3, "fields": {"category": 2, "name": "\u0421\u043e\u0441\u043d\u0430", "image": "images/pine.jpg", "short_desc": "", "description": "", "price": "20", "quantity": 19}}, {"model": "product.product", "pk": 4, "fields": {"category": 1, "name": "\u041a\u043b\u0435\u043d", "image": "images/linden.jpeg", "short_desc": "", "description": "", "price": "10", "quantity": 17}}, {"model": "user.user", "pk": 1, "fields": {"password": "pbkdf2_sha256$120000$38Xbn4NLSNTa$Y06ptF9noPqPkE6xYVZgkqP8eQTUl9dlGGS/qQj/PeI=", "last_login": "2018-09-26T08:17:05.824Z", "is_superuser": true, "username": "admin", "first_name": "", "last_name": "", "email": "django@geekshop.local", "is_staff": true, "is_active": true, "date_joined": "2018-08-30T19:38:47.360Z", "avatar": "avatars/\u0435\u043b\u044c_d9NUQCx.jpg", "age": 33, "activation_key": "", "activation_key_expires": "2018-09-14T19:25:40.380Z", "groups": [], "user_permissions": []}}, {"model": "user.user", "pk": 4, "fields": {"password": "pbkdf2_sha256$120000$efEHRIqXBNt3$oA5t6yzhJ3YtmJv6Cwi3893wsvXN8DKsAwMFum3UH2c=", "last_login": "2018-09-20T19:31:55.643Z", "is_superuser": false, "username": "new1", "first_name": "new1", "last_name": "", "email": "a@mail.ru", "is_staff": false, "is_active": true, "date_joined": "2018-09-12T19:31:07.232Z", "avatar": "", "age": 44, "activation_key": "91268f1008507e222408d1713173a0ce1e91a60c", "activation_key_expires": "2018-09-14T19:29:34.844Z", "groups": [], "user_permissions": []}}, {"model": "user.user", "pk": 5, "fields": {"password": "pbkdf2_sha256$120000$5liPsJCOpFq8$nB++A3xnafeKysokfEsfcSZqQ9fhQZtW1Oy9ElkzeC8=", "last_login": "2018-09-12T20:12:03.724Z", "is_superuser": false, "username": "new2", "first_name": "new2", "last_name": "", "email": "b@mail.ru", "is_staff": false, "is_active": true, "date_joined": "2018-09-12T20:08:29.270Z", "avatar": "", "age": 36, "activation_key": "0e5c793299bdb863956c352692c237a4091129c7", "activation_key_expires": "2018-09-14T20:07:45.306Z", "groups": [], "user_permissions": []}}, {"model": "user.user", "pk": 6, "fields": {"password": "pbkdf2_sha256$120000$Eg3fSeYKT9mF$j+lIRoy/q8mQLN1T8llIWGvZZJvcJz6p8+YQuq/koJE=", "last_login": "2018-09-12T20:13:42.758Z", "is_superuser": false, "username": "new3", "first_name": "new3", "last_name": "", "email": "c@mail.ru", "is_staff": false, "is_active": true, "date_joined": "2018-09-12T20:12:40.246Z", "avatar": "", "age": 55, "activation_key": "f067811b0d25f0cedbb8d494290233644c128642", "activation_key_expires": "2018-09-14T20:11:43.207Z", "groups": [], "user_permissions": []}}, {"model": "user.user", "pk": 7, "fields": {"password": "pbkdf2_sha256$120000$JrTds0QfOt7w$GWaZTMO6SQe5kIbv1j0mA8LGQHUdTE1jUdp/B6Cw0E4=", "last_login": "2018-09-17T11:28:14.704Z", "is_superuser": false, "username": "new4", "first_name": "new4", "last_name": "", "email": "d@mail.ru", "is_staff": false, "is_active": true, "date_joined": "2018-09-12T20:18:31.028Z", "avatar": "", "age": 343, "activation_key": "ba8f06ea31641ca941478cbf77fc1abfdf99d9fb", "activation_key_expires": "2018-09-14T20:17:31.033Z", "groups": [], "user_permissions": []}}, {"model": "user.user", "pk": 8, "fields": {"password": "pbkdf2_sha256$120000$Sq1byxEZKEF7$bBIyC7SGpMpqiFLXitIh+zB1pq9MHch6+MG8tZCYYio=", "last_login": "2018-09-26T05:06:06.716Z", "is_superuser": false, "username": "new5", "first_name": "new5", "last_name": "", "email": "f@mail.ru", "is_staff": false, "is_active": true, "date_joined": "2018-09-17T11:36:42.393Z", "avatar": "", "age": 22, "activation_key": "ab5ef18c9742b591c0f3f07fb576f40fca1b12bf", "activation_key_expires": "2018-09-19T11:34:41.756Z", "groups": [], "user_permissions": []}}, {"model": "user.user", "pk": 10, "fields": {"password": "pbkdf2_sha256$120000$zbI8yI87gMQB$N4j5xXpAv1lWFBqkznZGYMEcD34J4J6E8qewKtUqZeM=", "last_login": "2018-09-26T05:42:16.541Z", "is_superuser": false, "username": "django", "first_name": "django", "last_name": "", "email": "g@mail.ru", "is_staff": false, "is_active": true, "date_joined": "2018-09-26T05:07:52.771Z", "avatar": "", "age": 33, "activation_key": "9882d747d89e119271f7999ccfe3f28f1574d1f4", "activation_key_expires": "2018-09-28T05:04:49.644Z", "groups": [], "user_permissions": []}}, {"model": "user.profile", "pk": 1, "fields": {"user": 1, "tagline": "", "aboutMe": "", "gender": ""}}, {"model": "user.profile", "pk": 2, "fields": {"user": 4, "tagline": "", "aboutMe": "", "gender": ""}}, {"model": "user.profile", "pk": 3, "fields": {"user": 5, "tagline": "", "aboutMe": "", "gender": ""}}, {"model": "user.profile", "pk": 4, "fields": {"user": 6, "tagline": "", "aboutMe": "", "gender": ""}}, {"model": "user.profile", "pk": 5, "fields": {"user": 7, "tagline": "", "aboutMe": "", "gender": ""}}, {"model": "user.profile", "pk": 6, "fields": {"user": 8, "tagline": "", "aboutMe": "", "gender": ""}}, {"model": "user.profile", "pk": 7, "fields": {"user": 9, "tagline": "", "aboutMe": "", "gender": ""}}, {"model": "user.profile", "pk": 8, "fields": {"user": 10, "tagline": "", "aboutMe": "", "gender": ""}}, {"model": "order.position", "pk": 1, "fields": {"product": 1, "quantity": 1, "add_datetime": "2018-09-20T08:35:37.609Z"}}, {"model": "order.position", "pk": 2, "fields": {"product": 1, "quantity": 1, "add_datetime": "2018-09-20T08:35:43.037Z"}}, {"model": "order.position", "pk": 3, "fields": {"product": 1, "quantity": 1, "add_datetime": "2018-09-20T08:35:44.385Z"}}, {"model": "order.position", "pk": 4, "fields": {"product": 1, "quantity": 1, "add_datetime": "2018-09-20T08:38:29.980Z"}}, {"model": "order.position", "pk": 5, "fields": {"product": 1, "quantity": 1, "add_datetime": "2018-09-20T08:38:51.478Z"}}, {"model": "order.position", "pk": 6, "fields": {"product": 1, "quantity": 1, "add_datetime": "2018-09-20T08:38:52.593Z"}}, {"model": "order.position", "pk": 7, "fields": {"product": 1, "quantity": 1, "add_datetime": "2018-09-20T08:39:03.613Z"}}, {"model": "order.position", "pk": 8, "fields": {"product": 1, "quantity": 1, "add_datetime": "2018-09-20T08:39:04.483Z"}}, {"model": "order.position", "pk": 9, "fields": {"product": 1, "quantity": 1, "add_datetime": "2018-09-20T08:39:05.227Z"}}, {"model": "order.position", "pk": 21, "fields": {"product": 1, "quantity": 2, "add_datetime": "2018-09-20T12:20:35.505Z"}}, {"model": "order.position", "pk": 22, "fields": {"product": 3, "quantity": 2, "add_datetime": "2018-09-20T12:20:41.847Z"}}, {"model": "order.position", "pk": 23, "fields": {"product": 2, "quantity": 3, "add_datetime": "2018-09-20T12:50:53.630Z"}}, {"model": "order.position", "pk": 24, "fields": {"product": 2, "quantity": 3, "add_datetime": "2018-09-20T12:52:07.566Z"}}, {"model": "order.position", "pk": 34, "fields": {"product": 2, "quantity": 2, "add_datetime": "2018-09-20T13:27:01.174Z"}}, {"model": "order.position", "pk": 35, "fields": {"product": 2, "quantity": 1, "add_datetime": "2018-09-20T13:32:51.622Z"}}, {"model": "order.position", "pk": 36, "fields": {"product": 2, "quantity": 1, "add_datetime": "2018-09-20T13:35:45.021Z"}}, {"model": "order.position", "pk": 37, "fields": {"product": 2, "quantity": 1, "add_datetime": "2018-09-20T13:38:50.066Z"}}, {"model": "order.position", "pk": 38, "fields": {"product": 1, "quantity": 1, "add_datetime": "2018-09-20T13:39:42.929Z"}}, {"model": "order.position", "pk": 39, "fields": {"product": 1, "quantity": 2, "add_datetime": "2018-09-20T13:41:12.308Z"}}, {"model": "order.position", "pk": 40, "fields": {"product": 1, "quantity": 1, "add_datetime": "2018-09-20T13:47:46.139Z"}}, {"model": "order.position", "pk": 41, "fields": {"product": 1, "quantity": 1, "add_datetime": "2018-09-20T13:49:16.569Z"}}, {"model": "order.position", "pk": 42, "fields": {"product": 2, "quantity": 1, "add_datetime": "2018-09-20T13:50:42.664Z"}}, {"model": "order.position", "pk": 43, "fields": {"product": 2, "quantity": 1, "add_datetime": "2018-09-20T13:51:31.331Z"}}, {"model": "order.position", "pk": 44, "fields": {"product": 2, "quantity": 1, "add_datetime": "2018-09-20T13:52:19.363Z"}}, {"model": "order.position", "pk": 45, "fields": {"product": 1, "quantity": 3, "add_datetime": "2018-09-20T13:53:41.758Z"}}, {"model": "order.position", "pk": 46, "fields": {"product": 2, "quantity": 1, "add_datetime": "2018-09-20T14:30:02.422Z"}}, {"model": "order.position", "pk": 47, "fields": {"product": 1, "quantity": 1, "add_datetime": "2018-09-20T14:40:51.486Z"}}, {"model": "order.position", "pk": 48, "fields": {"product": 2, "quantity": 2, "add_datetime": "2018-09-20T18:55:51.390Z"}}, {"model": "order.position", "pk": 49, "fields": {"product": 1, "quantity": 2, "add_datetime": "2018-09-20T19:01:25.059Z"}}, {"model": "order.position", "pk": 50, "fields": {"product": 3, "quantity": 2, "add_datetime": "2018-09-20T19:31:58.859Z"}}, {"model": "order.position", "pk": 51, "fields": {"product": 4, "quantity": 2, "add_datetime": "2018-09-20T19:32:43.810Z"}}, {"model": "order.position", "pk": 53, "fields": {"product": 2, "quantity": 2, "add_datetime": "2018-09-20T19:45:03.129Z"}}, {"model": "order.position", "pk": 54, "fields": {"product": 2, "quantity": 1, "add_datetime": "2018-09-21T07:57:04.299Z"}}, {"model": "order.position", "pk": 55, "fields": {"product": 2, "quantity": 2, "add_datetime": "2018-09-24T10:55:33.353Z"}}, {"model": "order.position", "pk": 58, "fields": {"product": 1, "quantity": 1, "add_datetime": "2018-09-26T04:34:00.841Z"}}, {"model": "order.position", "pk": 59, "fields": {"product": 1, "quantity": 25, "add_datetime": "2018-09-26T05:14:05.332Z"}}, {"model": "order.order", "pk": 16, "fields": {"user": 4, "created": "2018-09-20T11:06:22.477Z", "updated": "2018-09-20T12:21:09.758Z", "status": "FM", "is_active": true, "positions": [21, 22]}}, {"model": "order.order", "pk": 17, "fields": {"user": 1, "created": "2018-09-20T11:06:22.477Z", "updated": "2018-09-20T11:26:00.657Z", "status": "FM", "is_active": true, "positions": []}}, {"model": "order.order", "pk": 18, "fields": {"user": 1, "created": "2018-09-20T11:42:42.015Z", "updated": "2018-09-20T11:49:26.706Z", "status": "FM", "is_active": true, "positions": []}}, {"model": "order.order", "pk": 19, "fields": {"user": 1, "created": "2018-09-20T11:49:30.219Z", "updated": "2018-09-20T11:49:39.351Z", "status": "FM", "is_active": true, "positions": []}}, {"model": "order.order", "pk": 20, "fields": {"user": 1, "created": "2018-09-20T11:50:15.525Z", "updated": "2018-09-20T11:50:50.533Z", "status": "FM", "is_active": true, "positions": []}}, {"model": "order.order", "pk": 21, "fields": {"user": 1, "created": "2018-09-20T12:16:34.331Z", "updated": "2018-09-20T12:16:57.525Z", "status": "FM", "is_active": true, "positions": []}}, {"model": "order.order", "pk": 22, "fields": {"user": 1, "created": "2018-09-20T12:17:49.434Z", "updated": "2018-09-20T12:19:08.004Z", "status": "FM", "is_active": true, "positions": []}}, {"model": "order.order", "pk": 23, "fields": {"user": 4, "created": "2018-09-20T12:50:53.624Z", "updated": "2018-09-20T12:51:00.429Z", "status": "FM", "is_active": true, "positions": [23]}}, {"model": "order.order", "pk": 24, "fields": {"user": 4, "created": "2018-09-20T12:52:07.561Z", "updated": "2018-09-20T12:56:02.629Z", "status": "FM", "is_active": true, "positions": [24]}}, {"model": "order.order", "pk": 25, "fields": {"user": 4, "created": "2018-09-20T12:57:44.107Z", "updated": "2018-09-20T13:30:02.055Z", "status": "FM", "is_active": true, "positions": [34]}}, {"model": "order.order", "pk": 26, "fields": {"user": 4, "created": "2018-09-20T13:32:51.612Z", "updated": "2018-09-20T13:32:59.606Z", "status": "FM", "is_active": true, "positions": [35]}}, {"model": "order.order", "pk": 27, "fields": {"user": 4, "created": "2018-09-20T13:35:45.011Z", "updated": "2018-09-20T13:35:47.252Z", "status": "FM", "is_active": true, "positions": [36]}}, {"model": "order.order", "pk": 28, "fields": {"user": 4, "created": "2018-09-20T13:38:50.056Z", "updated": "2018-09-20T13:38:52.409Z", "status": "FM", "is_active": true, "positions": [37]}}, {"model": "order.order", "pk": 29, "fields": {"user": 4, "created": "2018-09-20T13:39:42.919Z", "updated": "2018-09-20T13:39:46.718Z", "status": "FM", "is_active": true, "positions": [38]}}, {"model": "order.order", "pk": 30, "fields": {"user": 4, "created": "2018-09-20T13:41:12.298Z", "updated": "2018-09-20T13:41:36.515Z", "status": "FM", "is_active": true, "positions": [39]}}, {"model": "order.order", "pk": 31, "fields": {"user": 4, "created": "2018-09-20T13:47:46.135Z", "updated": "2018-09-20T13:47:48.611Z", "status": "FM", "is_active": true, "positions": [40]}}, {"model": "order.order", "pk": 32, "fields": {"user": 4, "created": "2018-09-20T13:49:16.565Z", "updated": "2018-09-20T13:49:20.117Z", "status": "FM", "is_active": true, "positions": [41]}}, {"model": "order.order", "pk": 33, "fields": {"user": 4, "created": "2018-09-20T13:50:42.661Z", "updated": "2018-09-20T13:50:45.043Z", "status": "FM", "is_active": true, "positions": [42]}}, {"model": "order.order", "pk": 34, "fields": {"user": 4, "created": "2018-09-20T13:51:31.324Z", "updated": "2018-09-20T13:51:34.185Z", "status": "FM", "is_active": true, "positions": [43]}}, {"model": "order.order", "pk": 35, "fields": {"user": 4, "created": "2018-09-20T13:52:19.358Z", "updated": "2018-09-20T13:52:21.213Z", "status": "FM", "is_active": true, "positions": [44]}}, {"model": "order.order", "pk": 36, "fields": {"user": 4, "created": "2018-09-20T13:53:41.754Z", "updated": "2018-09-20T13:53:47.665Z", "status": "FM", "is_active": true, "positions": [45]}}, {"model": "order.order", "pk": 37, "fields": {"user": 4, "created": "2018-09-20T14:30:02.417Z", "updated": "2018-09-20T18:54:49.506Z", "status": "FM", "is_active": true, "positions": [46, 47]}}, {"model": "order.order", "pk": 38, "fields": {"user": 4, "created": "2018-09-20T18:55:51.385Z", "updated": "2018-09-20T18:55:59.830Z", "status": "FM", "is_active": true, "positions": [48]}}, {"model": "order.order", "pk": 39, "fields": {"user": 4, "created": "2018-09-20T19:01:25.053Z", "updated": "2018-09-20T19:32:15.200Z", "status": "FM", "is_active": true, "positions": [49, 50]}}, {"model": "order.order", "pk": 40, "fields": {"user": 4, "created": "2018-09-20T19:32:43.806Z", "updated": "2018-09-20T19:37:10.280Z", "status": "FM", "is_active": true, "positions": [51]}}, {"model": "order.order", "pk": 41, "fields": {"user": 4, "created": "2018-09-20T19:37:15.060Z", "updated": "2018-09-20T19:47:16.411Z", "status": "FM", "is_active": true, "positions": [53]}}, {"model": "order.order", "pk": 42, "fields": {"user": 4, "created": "2018-09-21T07:57:04.293Z", "updated": "2018-09-21T07:57:04.293Z", "status": "CT", "is_active": true, "positions": [54]}}, {"model": "order.order", "pk": 43, "fields": {"user": 8, "created": "2018-09-24T10:55:33.347Z", "updated": "2018-09-24T11:44:57.437Z", "status": "FM", "is_active": true, "positions": [55]}}, {"model": "order.order", "pk": 44, "fields": {"user": 8, "created": "2018-09-26T02:53:14.487Z", "updated": "2018-09-26T02:53:14.487Z", "status": "CT", "is_active": true, "positions": [58]}}, {"model": "order.order", "pk": 45, "fields": {"user": 10, "created": "2018-09-26T05:11:58.608Z", "updated": "2018-09-26T06:31:51.609Z", "status": "FM", "is_active": true, "positions": [59]}}, {"model": "order.order", "pk": 46, "fields": {"user": 10, "created": "2018-09-26T07:17:40.751Z", "updated": "2018-09-26T07:17:40.751Z", "status": "CT", "is_active": true, "positions": []}}, {"model": "order.order", "pk": 47, "fields": {"user": 1, "created": "2018-09-26T08:31:20.164Z", "updated": "2018-09-26T08:32:07.631Z", "status": "FM", "is_active": true, "positions": []}}, {"model": "order.order", "pk": 48, "fields": {"user": 1, "created": "2018-09-26T08:42:54.545Z", "updated": "2018-09-26T13:17:36.053Z", "status": "FM", "is_active": true, "positions": []}}, {"model": "order.order", "pk": 49, "fields": {"user": 1, "created": "2018-09-26T13:17:42.772Z", "updated": "2018-09-27T12:26:11.278Z", "status": "FM", "is_active": true, "positions": []}}, {"model": "order.order", "pk": 50, "fields": {"user": 1, "created": "2018-09-27T12:27:13.576Z", "updated": "2018-09-29T09:20:43.809Z", "status": "FM", "is_active": true, "positions": []}}, {"model": "order.order", "pk": 51, "fields": {"user": 1, "created": "2018-09-29T09:21:28.809Z", "updated": "2018-09-29T09:21:35.256Z", "status": "FM", "is_active": true, "positions": []}}, {"model": "order.order", "pk": 52, "fields": {"user": 1, "created": "2018-09-29T09:55:59.366Z", "updated": "2018-09-29T10:16:42.264Z", "status": "FM", "is_active": true, "positions": []}}, {"model": "order.order", "pk": 53, "fields": {"user": 1, "created": "2018-09-29T10:16:51.400Z", "updated": "2018-09-29T10:16:55.182Z", "status": "FM", "is_active": true, "positions": []}}, {"model": "order.order", "pk": 54, "fields": {"user": 1, "created": "2018-09-29T10:17:33.136Z", "updated": "2018-09-29T11:10:23.401Z", "status": "FM", "is_active": true, "positions": []}}, {"model": "order.order", "pk": 55, "fields": {"user": 1, "created": "2018-09-29T11:32:44.145Z", "updated": "2018-09-29T11:32:44.145Z", "status": "CT", "is_active": true, "positions": []}}, {"model": "admin.logentry", "pk": 1, "fields": {"action_time": "2018-09-06T07:26:17.329Z", "user": 1, "content_type": 7, "object_id": "4", "object_repr": "\u041a\u043b\u0435\u043d (\u041b\u0438\u0441\u0442\u0432\u0435\u043d\u043d\u044b\u0435)", "action_flag": 2, "change_message": "[{\"changed\": {\"fields\": [\"price\", \"quantity\"]}}]"}}, {"model": "admin.logentry", "pk": 2, "fields": {"action_time": "2018-09-06T07:26:28.105Z", "user": 1, "content_type": 7, "object_id": "3", "object_repr": "\u0421\u043e\u0441\u043d\u0430 (\u0425\u0432\u043e\u0439\u043d\u044b\u0435)", "action_flag": 2, "change_message": "[{\"changed\": {\"fields\": [\"price\", \"quantity\"]}}]"}}, {"model": "admin.logentry", "pk": 3, "fields": {"action_time": "2018-09-06T07:26:36.960Z", "user": 1, "content_type": 7, "object_id": "2", "object_repr": "\u041b\u0438\u043f\u0430 (\u041b\u0438\u0441\u0442\u0432\u0435\u043d\u043d\u044b\u0435)", "action_flag": 2, "change_message": "[{\"changed\": {\"fields\": [\"price\", \"quantity\"]}}]"}}, {"model": "admin.logentry", "pk": 4, "fields": {"action_time": "2018-09-06T07:34:51.817Z", "user": 1, "content_type": 7, "object_id": "1", "object_repr": "\u0414\u0443\u0431 (\u041b\u0438\u0441\u0442\u0432\u0435\u043d\u043d\u044b\u0435)", "action_flag": 2, "change_message": "[{\"changed\": {\"fields\": [\"price\", \"quantity\"]}}]"}}, {"model": "admin.logentry", "pk": 5, "fields": {"action_time": "2018-09-12T19:37:29.434Z", "user": 1, "content_type": 8, "object_id": "3", "object_repr": "new", "action_flag": 3, "change_message": ""}}, {"model": "admin.logentry", "pk": 6, "fields": {"action_time": "2018-09-12T19:37:29.437Z", "user": 1, "content_type": 8, "object_id": "2", "object_repr": "aaa", "action_flag": 3, "change_message": ""}}, {"model": "admin.logentry", "pk": 7, "fields": {"action_time": "2018-09-26T08:17:47.041Z", "user": 1, "content_type": 7, "object_id": "1", "object_repr": "\u0414\u0443\u0431 (\u041b\u0438\u0441\u0442\u0432\u0435\u043d\u043d\u044b\u0435)", "action_flag": 2, "change_message": "[{\"changed\": {\"fields\": [\"description\", \"quantity\"]}}]"}}]